Decimal year,Date,Time,Height,Standard deviation,Area,Volume
1992.74099879,1992/09/28,04:56,1135.32,0.08,9999.999,9999.999
1992.79699833,1992/10/18,16:50,1135.3,0.08,9999.999,9999.999
1992.87399818,1992/11/15,21:12,1135.36,0.08,9999.999,9999.999
1992.95799939,1992/12/16,15:04,1135.43,0.1,9999.999,9999.999
1993.03599886,1993/01/14,03:21,1135.54,0.07,9999.999,9999.999
1993.11899924,1993/02/13,10:26,1135.49,0.08,9999.999,9999.999
1993.20499810,1993/03/16,19:47,1135.45,0.08,9999.999,9999.999
1993.29699962,1993/04/19,09:43,1135.46,0.09,9999.999,9999.999
1993.36599886,1993/05/14,14:09,1135.57,0.1,9999.999,9999.999
1993.44899924,1993/06/13,21:14,1135.64,0.09,9999.999,9999.999
1993.52699962,1993/07/12,08:31,1135.49,0.1,9999.999,9999.999
1993.62399924,1993/08/16,18:14,1135.35,0.09,9999.999,9999.999
1993.71599886,1993/09/19,08:09,1135.23,0.08,9999.999,9999.999
1993.79699962,1993/10/18,21:43,1135.11,0.06,9999.999,9999.999
1993.88000000,1993/11/18,04:48,1135.11,0.07,9999.999,9999.999
1993.96299848,1993/12/18,11:52,1135.08,0.1,9999.999,9999.999
1994.04399924,1994/01/17,01:26,1135,0.08,9999.999,9999.999
1994.12399924,1994/02/15,06:14,1134.95,0.08,9999.999,9999.999
1994.21299848,1994/03/19,17:52,1134.98,0.08,9999.999,9999.999
1994.29099886,1994/04/17,05:09,1135.06,0.09,9999.999,9999.999
1994.37199962,1994/05/16,18:43,1135.2,0.07,9999.999,9999.999
1994.45199962,1994/06/14,23:31,1135.27,0.06,9999.999,9999.999
1994.53799848,1994/07/16,08:52,1135.2,0.08,9999.999,9999.999
1994.61599886,1994/08/13,20:09,1135.14,0.08,9999.999,9999.999
1994.69699962,1994/09/12,09:43,1135.03,0.11,9999.999,9999.999
1994.79399924,1994/10/17,19:26,1135,0.08,9999.999,9999.999
1994.89099886,1994/11/22,05:09,1135.11,0.09,9999.999,9999.999
1994.96899924,1994/12/20,16:26,1135.27,0.09,9999.999,9999.999
1995.04899924,1995/01/18,21:14,1135.22,0.08,9999.999,9999.999
1995.12699962,1995/02/16,08:31,1135.23,0.08,9999.999,9999.999
1995.21599886,1995/03/20,20:09,1135.23,0.07,9999.999,9999.999
1995.29699962,1995/04/19,09:43,1135.36,0.08,9999.999,9999.999
1995.37999810,1995/05/19,16:47,1135.47,0.07,9999.999,9999.999
1995.46000000,1995/06/17,21:36,1135.52,0.08,9999.999,9999.999
1995.54399924,1995/07/18,13:26,1135.41,0.08,9999.999,9999.999
1995.61899924,1995/08/14,22:26,1135.37,0.08,9999.999,9999.999
1995.70199962,1995/09/14,05:31,1135.24,0.07,9999.999,9999.999
1995.77999810,1995/10/12,16:47,1135.22,0.07,9999.999,9999.999
1995.86599886,1995/11/13,02:09,1135.23,0.07,9999.999,9999.999
1995.97399924,1995/12/22,12:14,1135.23,0.08,9999.999,9999.999
1996.05499962,1996/01/21,03:07,1135.27,0.09,9999.999,9999.999
1996.13499924,1996/02/19,09:50,1135.39,0.05,9999.999,9999.999
1996.21899856,1996/03/21,03:41,1135.39,0.07,9999.999,9999.999
1996.29699833,1996/04/18,16:50,1135.63,0.08,9999.999,9999.999
1996.38299939,1996/05/20,04:16,1135.65,0.08,9999.999,9999.999
1996.45999924,1996/06/17,08:38,1135.65,0.06,9999.999,9999.999
1996.54399856,1996/07/18,02:29,1135.6,0.09,9999.999,9999.999
1996.62399818,1996/08/16,09:12,1135.48,0.08,9999.999,9999.999
1996.70499962,1996/09/15,00:43,1135.47,0.08,9999.999,9999.999
1996.78599917,1996/10/14,16:13,1135.45,0.09,9999.999,9999.999
1996.86599879,1996/11/12,22:56,1135.39,0.09,9999.999,9999.999
1996.94899818,1996/12/13,08:00,1135.39,0.09,9999.999,9999.999
1997.04099886,1997/01/15,23:09,1135.4,0.08,9999.999,9999.999
1997.12399924,1997/02/15,06:14,1135.3,0.07,9999.999,9999.999
1997.20799848,1997/03/17,22:04,1135.22,0.08,9999.999,9999.999
1997.30500000,1997/04/22,07:48,1135.3,0.08,9999.999,9999.999
1997.38799848,1997/05/22,14:52,1135.48,0.07,9999.999,9999.999
1997.46599886,1997/06/20,02:09,1135.42,0.09,9999.999,9999.999
1997.54899924,1997/07/20,09:14,1135.31,0.09,9999.999,9999.999
1997.64099886,1997/08/22,23:09,1135.22,0.07,9999.999,9999.999
1997.70999810,1997/09/17,03:35,1135.1,0.09,9999.999,9999.999
1997.79399924,1997/10/17,19:26,1134.95,0.08,9999.999,9999.999
1997.87199962,1997/11/15,06:43,1135.17,0.09,9999.999,9999.999
1997.95499810,1997/12/15,13:47,1135.59,0.12,9999.999,9999.999
1998.02199962,1998/01/09,00:43,1135.93,0.09,9999.999,9999.999
1998.11399924,1998/02/11,14:38,1136.13,0.07,9999.999,9999.999
1998.20199962,1998/03/15,17:31,1136.15,0.1,9999.999,9999.999
1998.28299848,1998/04/14,07:04,1136.26,0.08,9999.999,9999.999
1998.36099886,1998/05/12,18:21,1136.46,0.09,9999.999,9999.999
1998.45799848,1998/06/17,04:04,1136.5,0.07,9999.999,9999.999
1998.54699962,1998/07/19,15:43,1136.37,0.07,9999.999,9999.999
1998.63499810,1998/08/20,18:35,1136.19,0.07,9999.999,9999.999
1998.70999810,1998/09/17,03:35,1136.14,0.07,9999.999,9999.999
1998.79699962,1998/10/18,21:43,1136.1,0.08,9999.999,9999.999
1998.87399924,1998/11/16,00:14,1136.08,0.09,9999.999,9999.999
1998.95999810,1998/12/17,09:35,1135.99,0.07,9999.999,9999.999
1999.03299848,1999/01/13,01:04,1136.03,0.09,9999.999,9999.999
1999.11899924,1999/02/13,10:26,1135.89,0.09,9999.999,9999.999
1999.20799848,1999/03/17,22:04,1135.9,0.08,9999.999,9999.999
1999.28599886,1999/04/15,09:21,1136.04,0.09,9999.999,9999.999
1999.36899924,1999/05/15,16:26,1136.21,0.09,9999.999,9999.999
1999.44699962,1999/06/13,03:43,1136.03,0.08,9999.999,9999.999
1999.53299848,1999/07/14,13:04,1135.88,0.07,9999.999,9999.999
1999.61399924,1999/08/13,02:38,1135.76,0.07,9999.999,9999.999
1999.72099886,1999/09/21,03:57,1135.73,0.08,9999.999,9999.999
1999.79899924,1999/10/19,15:14,1135.71,0.08,9999.999,9999.999
1999.86599886,1999/11/13,02:09,1135.7,0.08,9999.999,9999.999
1999.96299848,1999/12/18,11:52,1135.8,0.08,9999.999,9999.999
2000.05199985,2000/01/20,00:46,1135.73,0.08,9999.999,9999.999
2000.11899856,2000/02/13,13:17,1135.61,0.1,9999.999,9999.999
2000.21599879,2000/03/20,01:20,1135.53,0.11,9999.999,9999.999
2000.29099879,2000/04/16,12:08,1135.52,0.07,9999.999,9999.999
2000.36599879,2000/05/13,22:56,1135.58,0.1,9999.999,9999.999
2000.44899818,2000/06/13,08:00,1135.44,0.08,9999.999,9999.999
2000.54399856,2000/07/18,02:29,1135.3,0.09,9999.999,9999.999
2000.62399818,2000/08/16,09:12,1135.17,0.11,9999.999,9999.999
2000.70799939,2000/09/16,03:04,1135.09,0.1,9999.999,9999.999
2000.78299939,2000/10/13,13:52,1135.04,0.07,9999.999,9999.999
2000.87999962,2000/11/18,01:55,1135.09,0.11,9999.999,9999.999
2000.96599879,2000/12/19,13:20,1135.22,0.08,9999.999,9999.999
2001.04399924,2001/01/17,01:26,1135.3,0.1,9999.999,9999.999
2001.12199962,2001/02/14,12:43,1135.35,0.12,9999.999,9999.999
2001.20799848,2001/03/17,22:04,1135.26,0.09,9999.999,9999.999
2001.29699962,2001/04/19,09:43,1135.36,0.09,9999.999,9999.999
2001.38299848,2001/05/20,19:04,1135.41,0.09,9999.999,9999.999
2001.45500000,2001/06/16,01:48,1135.42,0.08,9999.999,9999.999
2001.53599886,2001/07/15,15:21,1135.34,0.07,9999.999,9999.999
2001.62199962,2001/08/16,00:43,1135.28,0.09,9999.999,9999.999
2001.70799848,2001/09/16,10:04,1135.23,0.07,9999.999,9999.999
2001.79399924,2001/10/17,19:26,1135.27,0.13,9999.999,9999.999
2001.86099886,2001/11/11,06:21,1135.31,0.11,9999.999,9999.999
2001.95499810,2001/12/15,13:47,1135.3,0.09,9999.999,9999.999
2002.04899924,2002/01/18,21:14,1135.31,0.08,9999.999,9999.999
2002.12999810,2002/02/17,10:47,1135.24,0.09,9999.999,9999.999
2002.20999810,2002/03/18,15:35,1135.32,0.09,9999.999,9999.999
2002.28799848,2002/04/16,02:52,1135.41,0.1,9999.999,9999.999
2002.37699962,2002/05/18,14:31,1135.62,0.09,9999.999,9999.999
2002.46000000,2002/06/17,21:36,1135.57,0.1,9999.999,9999.999
2002.54899924,2002/07/20,09:14,1135.4,0.08,9999.999,9999.999
2002.61899924,2002/08/14,22:26,1135.31,0.09,9999.999,9999.999
2002.71299848,2002/09/18,05:52,1135.15,0.07,9999.999,9999.999
2002.78599886,2002/10/14,21:21,1135.05,0.06,9999.999,9999.999
2002.87399924,2002/11/16,00:14,1135.11,0.07,9999.999,9999.999
2002.96299848,2002/12/18,11:52,1135.17,0.07,9999.999,9999.999
2003.04099886,2003/01/15,23:09,1135.29,0.06,9999.999,9999.999
2003.11599886,2003/02/12,08:09,1135.2,0.06,9999.999,9999.999
2003.20199962,2003/03/15,17:31,1135.11,0.05,9999.999,9999.999
2003.29399924,2003/04/18,07:26,1135.18,0.07,9999.999,9999.999
2003.36899924,2003/05/15,16:26,1135.34,0.08,9999.999,9999.999
2003.45500000,2003/06/16,01:48,1135.35,0.05,9999.999,9999.999
2003.54099886,2003/07/17,11:09,1135.28,0.05,9999.999,9999.999
2003.63299848,2003/08/20,01:04,1135.15,0.05,9999.999,9999.999
2003.70199962,2003/09/14,05:31,1135.13,0.05,9999.999,9999.999
2003.79699962,2003/10/18,21:43,1135.04,0.07,9999.999,9999.999
2003.87199962,2003/11/15,06:43,1135.01,0.05,9999.999,9999.999
2003.96299848,2003/12/18,11:52,1135.06,0.06,9999.999,9999.999
2004.03799901,2004/01/14,21:47,1135.02,0.06,9999.999,9999.999
2004.11599879,2004/02/12,10:56,1134.95,0.05,9999.999,9999.999
2004.20499962,2004/03/16,00:43,1134.91,0.06,9999.999,9999.999
2004.29099879,2004/04/16,12:08,1134.98,0.07,9999.999,9999.999
2004.36899856,2004/05/15,01:17,1135.13,0.06,9999.999,9999.999
2004.46599879,2004/06/19,13:20,1135,0.06,9999.999,9999.999
2004.55199985,2004/07/21,00:46,1134.78,0.06,9999.999,9999.999
2004.62699985,2004/08/17,11:34,1134.69,0.07,9999.999,9999.999
2004.70499962,2004/09/15,00:43,1134.57,0.06,9999.999,9999.999
2004.78799901,2004/10/15,09:47,1134.52,0.05,9999.999,9999.999
2004.87399818,2004/11/15,21:12,1134.52,0.06,9999.999,9999.999
2004.95499962,2004/12/15,12:43,1134.56,0.07,9999.999,9999.999
2005.03599886,2005/01/14,03:21,1134.58,0.07,9999.999,9999.999
2005.12199962,2005/02/14,12:43,1134.51,0.07,9999.999,9999.999
2005.21899924,2005/03/21,22:26,1134.49,0.07,9999.999,9999.999
2005.29099886,2005/04/17,05:09,1134.55,0.07,9999.999,9999.999
2005.36599886,2005/05/14,14:09,1134.58,0.07,9999.999,9999.999
2005.45199962,2005/06/14,23:31,1134.62,0.06,9999.999,9999.999
2005.54699962,2005/07/19,15:43,1134.47,0.08,9999.999,9999.999
2005.63499810,2005/08/20,18:35,1134.39,0.07,9999.999,9999.999
2005.71299848,2005/09/18,05:52,1134.33,0.07,9999.999,9999.999
2005.79099886,2005/10/16,17:09,1134.25,0.06,9999.999,9999.999
2005.87399924,2005/11/16,00:14,1134.25,0.08,9999.999,9999.999
2005.95799848,2005/12/16,16:04,1134.16,0.07,9999.999,9999.999
2006.04099886,2006/01/15,23:09,1134.04,0.06,9999.999,9999.999
2006.12199962,2006/02/14,12:43,1133.97,0.07,9999.999,9999.999
2006.20499810,2006/03/16,19:47,1134.04,0.07,9999.999,9999.999
2006.28799848,2006/04/16,02:52,1134.15,0.09,9999.999,9999.999
2006.37699962,2006/05/18,14:31,1134.35,0.09,9999.999,9999.999
2006.47099886,2006/06/21,21:57,1134.27,0.08,9999.999,9999.999
2006.53799848,2006/07/16,08:52,1134.17,0.09,9999.999,9999.999
2006.61399924,2006/08/13,02:38,1134.05,0.05,9999.999,9999.999
2006.69899924,2006/09/13,03:14,1133.98,0.06,9999.999,9999.999
2006.79699962,2006/10/18,21:43,1133.91,0.07,9999.999,9999.999
2006.87699962,2006/11/17,02:31,1133.97,0.07,9999.999,9999.999
2006.95199962,2006/12/14,11:31,1134.32,0.1,9999.999,9999.999
2007.04099886,2007/01/15,23:09,1134.56,0.1,9999.999,9999.999
2007.20999810,2007/03/18,15:35,1134.61,0.07,9999.999,9999.999
2007.28299848,2007/04/14,07:04,1134.6,0.07,9999.999,9999.999
2007.37199962,2007/05/16,18:43,1134.7,0.08,9999.999,9999.999
2007.46000000,2007/06/17,21:36,1134.74,0.05,9999.999,9999.999
2007.54899924,2007/07/20,09:14,1134.69,0.06,9999.999,9999.999
2007.62399924,2007/08/16,18:14,1134.65,0.05,9999.999,9999.999
2007.70499810,2007/09/15,07:47,1134.65,0.06,9999.999,9999.999
2007.79399924,2007/10/17,19:26,1134.65,0.06,9999.999,9999.999
2007.85799848,2007/11/10,04:04,1134.63,0.08,9999.999,9999.999
2007.95499810,2007/12/15,13:47,1134.61,0.07,9999.999,9999.999
2008.04699833,2008/01/18,04:50,1134.62,0.06,9999.999,9999.999
2008.12399818,2008/02/15,09:12,1134.65,0.06,9999.999,9999.999
2008.20499962,2008/03/16,00:43,1134.64,0.07,9999.999,9999.999
2008.29399856,2008/04/17,14:29,1134.8,0.09,9999.999,9999.999
2008.38799901,2008/05/22,00:11,1134.79,0.04,9999.999,9999.999
2008.45999924,2008/06/17,08:38,1134.79,0.05,9999.999,9999.999
2008.53599917,2008/07/15,04:13,1134.68,0.05,9999.999,9999.999
2008.61899856,2008/08/14,13:17,1134.62,0.06,9999.999,9999.999
2008.70499962,2008/09/15,00:43,1134.56,0.05,9999.999,9999.999
2008.78799901,2008/10/15,09:47,1134.58,0.05,9999.999,9999.999
2008.86399894,2008/11/12,05:22,1134.67,0.07,9999.999,9999.999
2008.95499962,2008/12/15,12:43,1134.66,0.05,9999.999,9999.999
2009.04699962,2009/01/18,03:43,1134.65,0.05,9999.999,9999.999
2009.12699962,2009/02/16,08:31,1134.64,0.06,9999.999,9999.999
2009.19899924,2009/03/14,15:14,1134.63,0.06,9999.999,9999.999
2009.28799848,2009/04/16,02:52,1134.71,0.09,9999.999,9999.999
2009.37999810,2009/05/19,16:47,1134.87,0.06,9999.999,9999.999
2009.45799848,2009/06/17,04:04,1134.84,0.04,9999.999,9999.999
2009.53799848,2009/07/16,08:52,1134.69,0.07,9999.999,9999.999
2009.62699962,2009/08/17,20:31,1134.55,0.05,9999.999,9999.999
2009.70999810,2009/09/17,03:35,1134.45,0.06,9999.999,9999.999
2009.78599886,2009/10/14,21:21,1134.45,0.05,9999.999,9999.999
2009.87199962,2009/11/15,06:43,1134.46,0.05,9999.999,9999.999
2009.95799848,2009/12/16,16:04,1134.49,0.06,9999.999,9999.999
2010.04899924,2010/01/18,21:14,1134.62,0.06,9999.999,9999.999
2010.12399924,2010/02/15,06:14,1134.58,0.07,9999.999,9999.999
2010.20999810,2010/03/18,15:35,1134.72,0.06,9999.999,9999.999
2010.30199962,2010/04/21,05:31,1134.89,0.06,9999.999,9999.999
2010.38299848,2010/05/20,19:04,1135.04,0.06,9999.999,9999.999
2010.45199962,2010/06/14,23:31,1135.01,0.05,9999.999,9999.999
2010.53799848,2010/07/16,08:52,1134.87,0.05,9999.999,9999.999
2010.62699962,2010/08/17,20:31,1134.74,0.06,9999.999,9999.999
2010.70499810,2010/09/15,07:47,1134.7,0.05,9999.999,9999.999
2010.78299848,2010/10/13,19:04,1134.62,0.06,9999.999,9999.999
2010.86399924,2010/11/12,08:38,1134.58,0.05,9999.999,9999.999
2010.95999810,2010/12/17,09:35,1134.57,0.07,9999.999,9999.999
2011.04099886,2011/01/15,23:09,1134.58,0.09,9999.999,9999.999
2011.12399924,2011/02/15,06:14,1134.52,0.08,9999.999,9999.999
2011.20799848,2011/03/17,22:04,1134.47,0.07,9999.999,9999.999
2011.29699962,2011/04/19,09:43,1134.55,0.07,9999.999,9999.999
2011.37399924,2011/05/17,12:14,1134.61,0.06,9999.999,9999.999
2011.45799848,2011/06/17,04:04,1134.56,0.04,9999.999,9999.999
2011.53799848,2011/07/16,08:52,1134.5,0.07,9999.999,9999.999
2011.62399924,2011/08/16,18:14,1134.4,0.06,9999.999,9999.999
2011.70799848,2011/09/16,10:04,1134.5,0.06,9999.999,9999.999
2011.79099886,2011/10/16,17:09,1134.48,0.05,9999.999,9999.999
2011.86099886,2011/11/11,06:21,1134.56,0.08,9999.999,9999.999
2011.88269026,2011/11/19,04:22,1134.67,0.05,9999.999,9999.999
2011.91003234,2011/11/29,03:53,1134.73,0.09,9999.999,9999.999
2011.93847603,2011/12/09,13:03,1134.8,0.09,9999.999,9999.999
2011.96594178,2011/12/19,13:39,1134.9,0.05,9999.999,9999.999
2011.99328577,2011/12/29,13:11,1134.91,0.09,9999.999,9999.999
2012.01647883,2012/01/07,00:45,1134.86,0.09,9999.999,9999.999
2012.04382210,2012/01/17,00:56,1134.9,0.07,9999.999,9999.999
2012.07116538,2012/01/27,01:07,1134.82,0.08,9999.999,9999.999
2012.09704577,2012/02/05,12:27,1134.76,0.06,9999.999,9999.999
2012.12438904,2012/02/15,12:38,1134.74,0.08,9999.999,9999.999
2012.15185375,2012/02/25,13:53,1134.7,0.05,9999.999,9999.999
2012.18310375,2012/03/08,00:23,1134.69,0.07,9999.999,9999.999
2012.21044892,2012/03/18,00:35,1134.65,0.05,9999.999,9999.999
2012.23779220,2012/03/28,00:46,1134.65,0.06,9999.999,9999.999
2012.26367069,2012/04/06,12:05,1134.69,0.06,9999.999,9999.999
2012.29101396,2012/04/16,12:16,1134.63,0.08,9999.999,9999.999
2012.31567243,2012/04/25,12:52,1134.76,0.07,9999.999,9999.999
2012.34435906,2012/05/06,00:51,1134.74,0.1,9999.999,9999.999
2012.37170234,2012/05/16,01:02,1134.88,0.04,9999.999,9999.999
2012.39904751,2012/05/26,01:14,1134.98,0.05,9999.999,9999.999
2012.42480457,2012/06/04,11:29,1135.01,0.06,9999.999,9999.999
2012.45226928,2012/06/14,12:44,1134.99,0.08,9999.999,9999.999
2012.47961255,2012/06/24,12:55,1134.96,0.08,9999.999,9999.999
2012.50817775,2012/07/04,23:50,1134.95,0.09,9999.999,9999.999
2012.53564435,2012/07/15,01:06,1134.91,0.05,9999.999,9999.999
2012.56298763,2012/07/25,01:17,1134.87,0.07,9999.999,9999.999
2012.58886612,2012/08/03,12:36,1134.88,0.04,9999.999,9999.999
2012.61620940,2012/08/13,12:47,1134.87,0.06,9999.999,9999.999
2012.64086787,2012/08/22,13:23,1134.85,0.06,9999.999,9999.999
2012.66821114,2012/09/01,13:34,1134.88,0.04,9999.999,9999.999
2012.69396820,2012/09/10,23:49,1134.82,0.05,9999.999,9999.999
2012.72143481,2012/09/21,01:05,1134.87,0.09,9999.999,9999.999
2012.74877808,2012/10/01,01:16,1134.87,0.06,9999.999,9999.999
2012.77734328,2012/10/11,12:11,1134.89,0.06,9999.999,9999.999
2012.80480798,2012/10/21,13:26,1134.9,0.06,9999.999,9999.999
2012.83215316,2012/10/31,13:38,1134.89,0.06,9999.999,9999.999
2012.85803165,2012/11/10,00:57,1134.98,0.05,9999.999,9999.999
2012.88537492,2012/11/20,01:08,1134.97,0.06,9999.999,9999.999
2012.91271820,2012/11/30,01:19,1134.98,0.04,9999.999,9999.999
2012.94128339,2012/12/10,12:14,1135.03,0.07,9999.999,9999.999
2012.96594186,2012/12/19,12:50,1135.03,0.06,9999.999,9999.999
2012.99328514,2012/12/29,13:01,1135.1,0.09,9999.999,9999.999
2013.01916476,2013/01/07,23:53,1135.13,0.06,9999.999,9999.999
2013.04650875,2013/01/17,23:25,1135.17,0.07,9999.999,9999.999
2013.07397451,2013/01/28,00:01,1135.13,0.08,9999.999,9999.999
2013.09985350,2013/02/06,10:43,1135.16,0.09,9999.999,9999.999
2013.12719559,2013/02/16,10:14,1135.13,0.09,9999.999,9999.999
2013.15453957,2013/02/26,09:46,1135.12,0.04,9999.999,9999.999
2013.18847603,2013/03/10,19:03,1135.1,0.05,9999.999,9999.999
2013.21594178,2013/03/20,19:39,1135.12,0.05,9999.999,9999.999
2013.26916476,2013/04/09,05:53,1135.24,0.08,9999.999,9999.999
2013.29382230,2013/04/18,05:53,1135.3,0.04,9999.999,9999.999
2013.32116629,2013/04/28,05:25,1135.41,0.09,9999.999,9999.999
2013.34985350,2013/05/08,16:43,1135.48,0.07,9999.999,9999.999
2013.37719559,2013/05/18,16:14,1135.55,0.05,9999.999,9999.999
2013.40453957,2013/05/28,15:46,1135.54,0.07,9999.999,9999.999
2013.43029680,2013/06/07,01:24,1135.49,0.07,9999.999,9999.999
2013.45764079,2013/06/17,00:56,1135.44,0.06,9999.999,9999.999
2013.48510654,2013/06/27,01:32,1135.4,0.07,9999.999,9999.999
2013.51367009,2013/07/07,11:45,1135.36,0.07,9999.999,9999.999
2013.54101408,2013/07/17,11:17,1135.28,0.07,9999.999,9999.999
2013.56847983,2013/07/27,11:53,1135.23,0.07,9999.999,9999.999
2013.59435883,2013/08/05,22:35,1135.24,0.03,9999.999,9999.999
2013.61901826,2013/08/14,22:36,1135.2,0.02,9999.999,9999.999
2013.64636225,2013/08/24,22:08,1135.22,0.06,9999.999,9999.999
2013.67211758,2013/09/03,07:45,1135.16,0.07,9999.999,9999.999
2013.69946157,2013/09/13,07:17,1135.15,0.06,9999.999,9999.999
2013.72680556,2013/09/23,06:49,1135.15,0.05,9999.999,9999.999
2013.75549277,2013/10/03,18:07,1135.2,0.07,9999.999,9999.999
2013.78283676,2013/10/13,17:39,1135.19,0.06,9999.999,9999.999
2013.81017884,2013/10/23,17:10,1135.23,0.09,9999.999,9999.999
2013.83605784,2013/11/02,03:52,1135.19,0.05,9999.999,9999.999
2013.86352359,2013/11/12,04:28,1135.17,0.05,9999.999,9999.999
2013.89086758,2013/11/22,04:00,1135.19,0.04,9999.999,9999.999
2013.91931126,2013/12/02,13:10,1135.17,0.06,9999.999,9999.999
2013.94396880,2013/12/11,13:10,1135.19,0.06,9999.999,9999.999
2013.97143455,2013/12/21,13:46,1135.29,0.08,9999.999,9999.999
2013.99877854,2013/12/31,13:18,1135.29,0.07,9999.999,9999.999
2014.02465753,2014/01/10,00:00,1135.29,0.11,9999.999,9999.999
2014.05200152,2014/01/19,23:32,1135.28,0.08,9999.999,9999.999
2014.07934551,2014/01/29,23:04,1135.24,0.08,9999.999,9999.999
2014.10522451,2014/02/08,09:46,1135.24,0.09,9999.999,9999.999
2014.13269026,2014/02/18,10:22,1135.28,0.04,9999.999,9999.999
2014.16003234,2014/02/28,09:53,1135.25,0.04,9999.999,9999.999
2014.19396880,2014/03/12,19:10,1135.18,0.06,9999.999,9999.999
2014.22143455,2014/03/22,19:46,1135.2,0.09,9999.999,9999.999
2014.24877854,2014/04/01,19:18,1135.25,0.08,9999.999,9999.999
2014.27184932,2014/04/10,05:24,1135.23,0.1,9999.999,9999.999
2014.29931507,2014/04/20,06:00,1135.36,0.04,9999.999,9999.999
2014.32665906,2014/04/30,05:32,1135.34,0.03,9999.999,9999.999
2014.35522451,2014/05/10,15:46,1135.31,0.09,9999.999,9999.999
2014.38269026,2014/05/20,16:22,1135.35,0.08,9999.999,9999.999
2014.41003234,2014/05/30,15:53,1135.36,0.09,9999.999,9999.999
2014.43578957,2014/06/09,01:31,1135.38,0.08,9999.999,9999.999
2014.46313356,2014/06/19,01:03,1135.45,0.06,9999.999,9999.999
2014.49059932,2014/06/29,01:39,1135.39,0.06,9999.999,9999.999
2014.51916476,2014/07/09,11:53,1135.3,0.09,9999.999,9999.999
2014.54650875,2014/07/19,11:25,1135.26,0.06,9999.999,9999.999
2014.57116629,2014/07/28,11:25,1135.29,0.07,9999.999,9999.999
2014.59704528,2014/08/06,22:07,1135.26,0.06,9999.999,9999.999
2014.62438927,2014/08/16,21:39,1135.22,0.07,9999.999,9999.999
2014.65185502,2014/08/26,22:15,1135.26,0.06,9999.999,9999.999
2014.67761225,2014/09/05,07:53,1135.36,0.04,9999.999,9999.999
2014.70495434,2014/09/15,07:24,1135.31,0.08,9999.999,9999.999
2014.73010084,2014/09/24,11:41,1135.25,0.02,9999.999,9999.999
2014.73229833,2014/09/25,06:56,1135.29,0.06,9999.999,9999.999
2014.75726788,2014/10/04,09:40,1135.25,0.01,9999.999,9999.999
2014.76098554,2014/10/05,18:14,1135.27,0.07,9999.999,9999.999
2014.78443303,2014/10/14,07:38,1135.23,0.01,9999.999,9999.999
2014.78832953,2014/10/15,17:46,1135.26,0.07,9999.999,9999.999
2014.81160008,2014/10/24,05:37,1135.31,0.01,9999.999,9999.999
2014.83876522,2014/11/03,03:35,1135.31,0.02,9999.999,9999.999
2014.86593227,2014/11/13,01:34,1135.32,0.01,9999.999,9999.999
2014.89309741,2014/11/22,23:32,1135.27,0.03,9999.999,9999.999
2014.92026446,2014/12/02,21:31,1135.33,0.02,9999.999,9999.999
2014.94742960,2014/12/12,19:29,1135.38,0.01,9999.999,9999.999
2014.97459665,2014/12/22,17:28,1135.4,0.01,9999.999,9999.999
2015.00176180,2015/01/01,15:26,1135.43,0.02,9999.999,9999.999
2015.02892884,2015/01/11,13:25,1135.38,0.01,9999.999,9999.999
2015.05609399,2015/01/21,11:23,1135.34,0.02,9999.999,9999.999
2015.08326104,2015/01/31,09:22,1135.32,0.01,9999.999,9999.999
2015.11042808,2015/02/10,07:21,1135.29,0.01,9999.999,9999.999
2015.13759323,2015/02/20,05:19,1135.28,0.02,9999.999,9999.999
2015.16476027,2015/03/02,03:18,1135.21,0.01,9999.999,9999.999
2015.19192542,2015/03/12,01:16,1135.16,0.01,9999.999,9999.999
2015.21909247,2015/03/21,23:15,1135.1,0.01,9999.999,9999.999
2015.24625761,2015/03/31,21:13,1135.21,0.01,9999.999,9999.999
2015.27342466,2015/04/10,19:12,1135.29,0.02,9999.999,9999.999
2015.30058980,2015/04/20,17:10,1135.36,0.01,9999.999,9999.999
2015.32775685,2015/04/30,15:09,1135.49,0.01,9999.999,9999.999
2015.35492199,2015/05/10,13:07,1135.58,0.03,9999.999,9999.999
2015.38208904,2015/05/20,11:06,1135.63,0.02,9999.999,9999.999
2015.40925419,2015/05/30,09:04,1135.64,0.02,9999.999,9999.999
2015.43642123,2015/06/09,07:03,1135.62,0.01,9999.999,9999.999
2015.46358638,2015/06/19,05:01,1135.64,0.02,9999.999,9999.999
2015.49075342,2015/06/29,03:00,1135.59,0.02,9999.999,9999.999
2015.51791857,2015/07/09,00:58,1135.61,0.01,9999.999,9999.999
2015.54508562,2015/07/18,22:57,1135.51,0.01,9999.999,9999.999
2015.57225266,2015/07/28,20:56,1135.48,0.01,9999.999,9999.999
2015.59941781,2015/08/07,18:54,1135.5,0.02,9999.999,9999.999
2015.62658295,2015/08/17,16:52,1135.45,0.02,9999.999,9999.999
2015.65375000,2015/08/27,14:51,1135.4,0.01,9999.999,9999.999
2015.68091514,2015/09/06,12:49,1135.35,0.02,9999.999,9999.999
2015.70808219,2015/09/16,10:48,1135.36,0.02,9999.999,9999.999
2015.73524924,2015/09/26,08:47,1135.32,0.02,9999.999,9999.999
2015.76241438,2015/10/06,06:45,1135.26,0.01,9999.999,9999.999
2015.78958143,2015/10/16,04:44,1135.25,0.04,9999.999,9999.999
2015.81674658,2015/10/26,02:42,1135.31,0.02,9999.999,9999.999
2015.84391362,2015/11/05,00:41,1135.38,0.02,9999.999,9999.999
2015.87107877,2015/11/14,22:39,1135.47,0.01,9999.999,9999.999
2015.89824581,2015/11/24,20:38,1135.58,0.02,9999.999,9999.999
2015.92541096,2015/12/04,18:36,1135.63,0.01,9999.999,9999.999
2015.95257801,2015/12/14,16:35,1135.76,0,9999.999,9999.999
2015.97974315,2015/12/24,14:33,1135.82,0.01,9999.999,9999.999
2016.00689132,2016/01/03,12:32,1135.84,0.02,9999.999,9999.999
2016.03398224,2016/01/13,10:30,1135.8,0.03,9999.999,9999.999
2016.06107506,2016/01/23,08:29,1135.86,0.02,9999.999,9999.999
2016.08816788,2016/02/02,06:28,1135.79,0.02,9999.999,9999.999
2016.11525880,2016/02/12,04:26,1135.73,0.02,9999.999,9999.999
2016.14235162,2016/02/22,02:25,1135.79,0.02,9999.999,9999.999
2016.16944255,2016/03/03,00:23,1135.71,0.03,9999.999,9999.999
2016.19653537,2016/03/12,22:22,1135.76,0.01,9999.999,9999.999
2016.22362629,2016/03/22,20:20,1135.74,0.01,9999.999,9999.999
2016.25071911,2016/04/01,18:19,1135.74,0.02,9999.999,9999.999
2016.27781003,2016/04/11,16:17,1135.77,0.01,9999.999,9999.999
2016.30490285,2016/04/21,14:16,1135.82,0.01,9999.999,9999.999
2016.33199378,2016/05/01,12:14,1135.92,0.01,9999.999,9999.999
2016.35908660,2016/05/11,10:13,1136,0.02,9999.999,9999.999
2016.38617752,2016/05/21,08:11,1136.02,0.01,9999.999,9999.999
2016.41327034,2016/05/31,06:10,1135.99,0.01,9999.999,9999.999
2016.44036126,2016/06/10,04:08,1135.92,0.01,9999.999,9999.999
2016.46745408,2016/06/20,02:07,1135.93,0.01,9999.999,9999.999
2016.46809730,2016/06/20,07:46,1135.91,0.02,9999.999,9999.999
2016.49405927,2016/06/29,19:49,1135.87,0.02,9999.999,9999.999
2016.49454501,2016/06/30,00:05,1135.87,0.02,9999.999,9999.999
2016.50498254,2016/07/03,19:46,1135.89,0.02,9999.999,9999.999
2016.52163783,2016/07/09,22:04,1135.88,0.01,9999.999,9999.999
2016.53094642,2016/07/13,07:50,1135.79,0.02,9999.999,9999.999
2016.54186779,2016/07/17,07:46,1135.77,0.02,9999.999,9999.999
2016.54873065,2016/07/19,20:03,1135.77,0.02,9999.999,9999.999
2016.55278916,2016/07/21,07:42,1135.79,0.07,9999.999,9999.999
2016.56782977,2016/07/26,19:49,1135.72,0.02,9999.999,9999.999
2016.57582157,2016/07/29,18:01,1135.7,0.01,9999.999,9999.999
2016.57875304,2016/07/30,19:46,1135.74,0.02,9999.999,9999.999
2016.60291439,2016/08/08,16:00,1135.66,0.02,9999.999,9999.999
2016.60471691,2016/08/09,07:50,1135.71,0.02,9999.999,9999.999
2016.61563828,2016/08/13,07:46,1135.69,0.02,9999.999,9999.999
2016.62655965,2016/08/17,07:42,1135.76,0.05,9999.999,9999.999
2016.63000531,2016/08/18,13:58,1135.62,0.01,9999.999,9999.999
2016.64160026,2016/08/22,19:49,1135.68,0.02,9999.999,9999.999
2016.65252353,2016/08/26,19:46,1135.59,0.02,9999.999,9999.999
2016.65709624,2016/08/28,11:56,1135.63,0.01,9999.999,9999.999
2016.67848740,2016/09/05,07:50,1135.59,0.02,9999.999,9999.999
2016.68418906,2016/09/07,09:55,1135.61,0.01,9999.999,9999.999
2016.68940877,2016/09/09,07:46,1135.56,0.02,9999.999,9999.999
2016.70033015,2016/09/13,07:42,1135.56,0.14,9999.999,9999.999
2016.71128188,2016/09/17,07:54,1135.5,0.02,9999.999,9999.999
2016.71537075,2016/09/18,19:49,1135.56,0.02,9999.999,9999.999
2016.72629402,2016/09/22,19:46,1135.52,0.02,9999.999,9999.999
2016.73837280,2016/09/27,05:52,1135.54,0.01,9999.999,9999.999
2016.75225789,2016/10/02,07:50,1135.53,0.02,9999.999,9999.999
2016.76317927,2016/10/06,07:46,1135.57,0.02,9999.999,9999.999
2016.76546752,2016/10/07,03:52,1135.54,0.01,9999.999,9999.999
2016.78914124,2016/10/15,19:49,1135.51,0.02,9999.999,9999.999
2016.79256034,2016/10/17,01:51,1135.48,0.01,9999.999,9999.999
2016.80006451,2016/10/19,19:46,1135.49,0.02,9999.999,9999.999
2016.81965126,2016/10/26,23:49,1135.5,0,9999.999,9999.999
2016.82602838,2016/10/29,07:50,1135.49,0.02,9999.999,9999.999
2016.83694976,2016/11/02,07:46,1135.47,0.03,9999.999,9999.999
2016.84674408,2016/11/05,21:48,1135.48,0.02,9999.999,9999.999
2016.86291173,2016/11/11,19:49,1135.43,0.02,9999.999,9999.999
2016.87383500,2016/11/15,19:46,1135.48,0.02,9999.999,9999.999
2016.89979888,2016/11/25,07:50,1135.42,0.02,9999.999,9999.999
2016.90092782,2016/11/25,17:45,1135.43,0.01,9999.999,9999.999
2016.91072025,2016/11/29,07:46,1135.47,0.02,9999.999,9999.999
2016.92164162,2016/12/03,07:42,1135.55,0.01,9999.999,9999.999
2016.92801875,2016/12/05,15:43,1135.43,0.01,9999.999,9999.999
2016.94760549,2016/12/12,19:46,1135.42,0.02,9999.999,9999.999
2016.95511157,2016/12/15,13:42,1135.4,0.01,9999.999,9999.999
2016.97356937,2016/12/22,07:50,1135.4,0.02,9999.999,9999.999
2016.98220249,2016/12/25,11:40,1135.36,0.03,9999.999,9999.999
2016.98449074,2016/12/26,07:46,1135.37,0.02,9999.999,9999.999
2016.99541211,2016/12/30,07:42,1135.35,0.03,9999.999,9999.999
2017.00932078,2017/01/04,09:39,1135.37,0.02,9999.999,9999.999
2017.01048135,2017/01/04,19:49,1135.36,0.02,9999.999,9999.999
2017.02143455,2017/01/08,19:46,1135.32,0.02,9999.999,9999.999
2017.03648592,2017/01/14,07:37,1135.34,0.02,9999.999,9999.999
2017.04746956,2017/01/18,07:50,1135.31,0.02,9999.999,9999.999
2017.05842085,2017/01/22,07:46,1135.24,0.02,9999.999,9999.999
2017.06365297,2017/01/24,05:36,1135.27,0.03,9999.999,9999.999
2017.06937215,2017/01/26,07:42,1135.27,0.02,9999.999,9999.999
2017.08445396,2017/01/31,19:49,1135.23,0.02,9999.999,9999.999
2017.09081811,2017/02/03,03:34,1135.21,0.03,9999.999,9999.999
2017.09540715,2017/02/04,19:46,1135.18,0.02,9999.999,9999.999
2017.11798516,2017/02/13,01:33,1135.19,0.01,9999.999,9999.999
2017.12144216,2017/02/14,07:50,1135.18,0.03,9999.999,9999.999
2017.13239346,2017/02/18,07:46,1135.2,0.02,9999.999,9999.999
2017.14334475,2017/02/22,07:42,1135.15,0.01,9999.999,9999.999
2017.14515030,2017/02/22,23:31,1135.22,0.01,9999.999,9999.999
2017.15842656,2017/02/27,19:49,1135.22,0.02,9999.999,9999.999
2017.16937976,2017/03/03,19:46,1135.25,0.02,9999.999,9999.999
2017.17231735,2017/03/04,21:30,1135.24,0.01,9999.999,9999.999
2017.19541476,2017/03/13,07:50,1135.25,0.02,9999.999,9999.999
2017.19948250,2017/03/14,19:28,1135.23,0.01,9999.999,9999.999
2017.20636606,2017/03/17,07:46,1135.27,0.02,9999.999,9999.999
2017.21731735,2017/03/21,07:42,1135.27,0.01,9999.999,9999.999
2017.22664954,2017/03/24,17:27,1135.28,0.01,9999.999,9999.999
2017.23239916,2017/03/26,19:49,1135.28,0.02,9999.999,9999.999
2017.24335236,2017/03/30,19:46,1135.25,0.02,9999.999,9999.999
2017.25381469,2017/04/03,15:25,1135.3,0.01,9999.999,9999.999
2017.26938737,2017/04/09,07:50,1135.3,0.02,9999.999,9999.999
2017.28033866,2017/04/13,07:46,1135.28,0.02,9999.999,9999.999
2017.28098174,2017/04/13,13:24,1135.27,0.01,9999.999,9999.999
2017.29129186,2017/04/17,07:43,1135.25,0.02,9999.999,9999.999
2017.30637177,2017/04/22,19:49,1135.33,0.02,9999.999,9999.999
2017.30814688,2017/04/23,11:22,1135.31,0.01,9999.999,9999.999
2017.31732496,2017/04/26,19:46,1135.34,0.02,9999.999,9999.999
2017.33531393,2017/05/03,09:21,1135.37,0.02,9999.999,9999.999
2017.34335997,2017/05/06,07:50,1135.4,0.02,9999.999,9999.999
2017.35431126,2017/05/10,07:46,1135.44,0.02,9999.999,9999.999
2017.36248097,2017/05/13,07:20,1135.47,0.02,9999.999,9999.999
2017.36526446,2017/05/14,07:43,1135.46,0.01,9999.999,9999.999
2017.38034437,2017/05/19,19:49,1135.44,0.02,9999.999,9999.999
2017.38964612,2017/05/23,05:18,1135.42,0.01,9999.999,9999.999
2017.39129756,2017/05/23,19:46,1135.46,0.02,9999.999,9999.999
2017.41681317,2017/06/02,03:17,1135.43,0.01,9999.999,9999.999
2017.41733257,2017/06/02,07:50,1135.42,0.02,9999.999,9999.999
2017.42828387,2017/06/06,07:46,1135.45,0.02,9999.999,9999.999
2017.43923706,2017/06/10,07:43,1135.4,0.02,9999.999,9999.999
2017.44397831,2017/06/12,01:15,1135.4,0.01,9999.999,9999.999
2017.45431697,2017/06/15,19:49,1135.4,0.02,9999.999,9999.999
2017.46527017,2017/06/19,19:46,1135.37,0.02,9999.999,9999.999
2017.47114536,2017/06/21,23:14,1135.33,0.02,9999.999,9999.999
2017.49130518,2017/06/29,07:50,1135.3,0.02,9999.999,9999.999
2017.49831050,2017/07/01,21:12,1135.3,0.01,9999.999,9999.999
2017.50225647,2017/07/03,07:46,1135.26,0.02,9999.999,9999.999
2017.51320967,2017/07/07,07:43,1135.2,0.06,9999.999,9999.999
2017.52547755,2017/07/11,19:11,1135.28,0.01,9999.999,9999.999
2017.52828957,2017/07/12,19:49,1135.25,0.02,9999.999,9999.999
2017.53924277,2017/07/16,19:46,1135.22,0.02,9999.999,9999.999
2017.55264269,2017/07/21,17:09,1135.25,0.02,9999.999,9999.999
2017.56527778,2017/07/26,07:50,1135.24,0.02,9999.999,9999.999
2017.57622907,2017/07/30,07:46,1135.21,0.02,9999.999,9999.999
2017.57980974,2017/07/31,15:08,1135.21,0.02,9999.999,9999.999
2017.58718227,2017/08/03,07:43,1135.13,0.05,9999.999,9999.999
2017.60226218,2017/08/08,19:49,1135.17,0.01,9999.999,9999.999
2017.60697489,2017/08/10,13:06,1135.14,0.01,9999.999,9999.999
2017.61321537,2017/08/12,19:46,1135.17,0.02,9999.999,9999.999
2017.63414193,2017/08/20,11:05,1135.13,0.01,9999.999,9999.999
2017.63925038,2017/08/22,07:50,1135.13,0.02,9999.999,9999.999
2017.65020167,2017/08/26,07:46,1135.11,0.02,9999.999,9999.999
2017.66115297,2017/08/30,07:42,1135.08,0.02,9999.999,9999.999
2017.66130708,2017/08/30,09:03,1135.1,0.02,9999.999,9999.999
2017.67623478,2017/09/04,19:49,1135.13,0.02,9999.999,9999.999
2017.68718798,2017/09/08,19:46,1135.13,0.02,9999.999,9999.999
2017.68847412,2017/09/09,07:02,1135.14,0.01,9999.999,9999.999
2017.71322298,2017/09/18,07:50,1135.12,0.02,9999.999,9999.999
2017.71564117,2017/09/19,05:01,1135.11,0.02,9999.999,9999.999
2017.72417428,2017/09/22,07:46,1135.11,0.02,9999.999,9999.999
2017.73512557,2017/09/26,07:42,1135.15,0.07,9999.999,9999.999
2017.74280632,2017/09/29,02:59,1135.13,0.01,9999.999,9999.999
2017.75020738,2017/10/01,19:49,1135.1,0.02,9999.999,9999.999
2017.76116058,2017/10/05,19:46,1135.13,0.02,9999.999,9999.999
2017.76997336,2017/10/09,00:58,1135.1,0.02,9999.999,9999.999
2017.79713851,2017/10/18,22:56,1135.09,0.01,9999.999,9999.999
2017.79814688,2017/10/19,07:46,1135.08,0.02,9999.999,9999.999
2017.80910008,2017/10/23,07:43,1135.13,0.03,9999.999,9999.999
2017.82417998,2017/10/28,19:49,1135.14,0.02,9999.999,9999.999
2017.82430556,2017/10/28,20:55,1135.16,0.01,9999.999,9999.999
2017.83513318,2017/11/01,19:46,1135.16,0.01,9999.999,9999.999
2017.85147070,2017/11/07,18:53,1135.24,0.01,9999.999,9999.999
2017.86116819,2017/11/11,07:50,1135.22,0.03,9999.999,9999.999
2017.87211948,2017/11/15,07:46,1135.25,0.01,9999.999,9999.999
2017.87863775,2017/11/17,16:52,1135.25,0.02,9999.999,9999.999
2017.88307268,2017/11/19,07:43,1135.12,0.24,9999.999,9999.999
2017.89815259,2017/11/24,19:49,1135.19,0.02,9999.999,9999.999
2017.90580289,2017/11/27,14:50,1135.27,0.02,9999.999,9999.999
2017.90910578,2017/11/28,19:46,1135.22,0.02,9999.999,9999.999
2017.93296994,2017/12/07,12:49,1135.22,0.02,9999.999,9999.999
2017.93514079,2017/12/08,07:50,1135.23,0.03,9999.999,9999.999
2017.94609209,2017/12/12,07:46,1135.24,0.02,9999.999,9999.999
2017.95704338,2017/12/16,07:42,1135.28,0.03,9999.999,9999.999
2017.96013508,2017/12/17,10:47,1135.22,0.02,9999.999,9999.999
2017.97212519,2017/12/21,19:49,1135.23,0.02,9999.999,9999.999
2017.98307839,2017/12/25,19:46,1135.23,0.02,9999.999,9999.999
2017.98730213,2017/12/27,08:46,1135.19,0.03,9999.999,9999.999
2018.00911339,2018/01/04,07:50,1135.21,0.02,9999.999,9999.999
2018.01446728,2018/01/06,06:44,1135.2,0.02,9999.999,9999.999
2018.02006469,2018/01/08,07:46,1135.18,0.02,9999.999,9999.999
2018.03101788,2018/01/12,07:43,1135.11,0.01,9999.999,9999.999
2018.04163432,2018/01/16,04:43,1135.17,0.03,9999.999,9999.999
2018.04609779,2018/01/17,19:49,1135.16,0.03,9999.999,9999.999
2018.05705099,2018/01/21,19:46,1135.17,0.02,9999.999,9999.999
2018.06879947,2018/01/26,02:41,1135.17,0.01,9999.999,9999.999
2018.08308600,2018/01/31,07:50,1135.16,0.02,9999.999,9999.999
2018.09403729,2018/02/04,07:46,1135.16,0.02,9999.999,9999.999
2018.09596651,2018/02/05,00:40,1135.14,0.04,9999.999,9999.999
2018.10499049,2018/02/08,07:43,1135.08,0.05,9999.999,9999.999
2018.12007040,2018/02/13,19:49,1135.09,0.02,9999.999,9999.999
2018.12313166,2018/02/14,22:38,1135.06,0.03,9999.999,9999.999
2018.13102359,2018/02/17,19:46,1135.08,0.02,9999.999,9999.999
2018.15029871,2018/02/24,20:37,1135.05,0.03,9999.999,9999.999
2018.15705860,2018/02/27,07:50,1135.05,0.03,9999.999,9999.999
2018.16800989,2018/03/03,07:46,1135.11,0.02,9999.999,9999.999
2018.17746385,2018/03/06,18:35,1135.14,0.04,9999.999,9999.999
2018.17896309,2018/03/07,07:43,1135.12,0.01,9999.999,9999.999
2018.19404300,2018/03/12,19:49,1135.13,0.02,9999.999,9999.999
2018.20463090,2018/03/16,16:34,1135.18,0.04,9999.999,9999.999
2018.20499619,2018/03/16,19:46,1135.16,0.02,9999.999,9999.999
2018.23103120,2018/03/26,07:50,1135.2,0.02,9999.999,9999.999
2018.23179604,2018/03/26,14:32,1135.22,0.04,9999.999,9999.999
2018.24198250,2018/03/30,07:46,1135.26,0.02,9999.999,9999.999
2018.25293569,2018/04/03,07:43,1135.35,0.01,9999.999,9999.999
2018.25896309,2018/04/05,12:31,1135.28,0.04,9999.999,9999.999
2018.26801560,2018/04/08,19:49,1135.28,0.02,9999.999,9999.999
2018.27896880,2018/04/12,19:46,1135.36,0.02,9999.999,9999.999
2018.28612823,2018/04/15,10:29,1135.38,0.03,9999.999,9999.999
2018.30500381,2018/04/22,07:50,1135.48,0.02,9999.999,9999.999
2018.31329528,2018/04/25,08:28,1135.51,0.05,9999.999,9999.999
2018.31595510,2018/04/26,07:46,1135.54,0.02,9999.999,9999.999
2018.34046043,2018/05/05,06:26,1135.62,0.04,9999.999,9999.999
2018.34198820,2018/05/05,19:49,1135.59,0.02,9999.999,9999.999
2018.35294140,2018/05/09,19:46,1135.6,0.02,9999.999,9999.999
2018.36762747,2018/05/15,04:25,1135.75,0.04,9999.999,9999.999
2018.37897641,2018/05/19,07:50,1135.7,0.02,9999.999,9999.999
2018.38992770,2018/05/23,07:46,1135.73,0.02,9999.999,9999.999
2018.39479452,2018/05/25,02:24,1135.78,0.04,9999.999,9999.999
2018.41596081,2018/06/01,19:49,1135.74,0.02,9999.999,9999.999
2018.42195967,2018/06/04,00:22,1135.8,0.04,9999.999,9999.999
2018.42691400,2018/06/05,19:46,1135.74,0.02,9999.999,9999.999
2018.44912671,2018/06/13,22:21,1135.75,0.04,9999.999,9999.999
2018.45294901,2018/06/15,07:50,1135.74,0.02,9999.999,9999.999
2018.46390030,2018/06/19,07:46,1135.69,0.02,9999.999,9999.999
2018.47629186,2018/06/23,20:19,1135.75,0.04,9999.999,9999.999
2018.48993341,2018/06/28,19:49,1135.74,0.02,9999.999,9999.999
2018.50088661,2018/07/02,19:46,1135.72,0.02,9999.999,9999.999
2018.50345890,2018/07/03,18:18,1135.71,0.02,9999.999,9999.999
2018.52692161,2018/07/12,07:50,1135.64,0.02,9999.999,9999.999
2018.53062405,2018/07/13,16:16,1135.64,0.02,9999.999,9999.999
2018.53787291,2018/07/16,07:46,1135.61,0.02,9999.999,9999.999
2018.54882610,2018/07/20,07:43,1135.61,0.03,9999.999,9999.999
2018.55779110,2018/07/23,14:15,1135.55,0.01,9999.999,9999.999
2018.56390601,2018/07/25,19:49,1135.54,0.02,9999.999,9999.999
2018.57485921,2018/07/29,19:46,1135.56,0.02,9999.999,9999.999
2018.58495624,2018/08/02,12:13,1135.57,0.02,9999.999,9999.999
2018.60089422,2018/08/08,07:50,1135.53,0.02,9999.999,9999.999
2018.61184551,2018/08/12,07:46,1135.5,0.02,9999.999,9999.999
2018.61212329,2018/08/12,10:12,1135.51,0.01,9999.999,9999.999
2018.62279871,2018/08/16,07:43,1135.48,0,9999.999,9999.999
2018.63787861,2018/08/21,19:49,1135.49,0.02,9999.999,9999.999
2018.63928843,2018/08/22,08:10,1135.47,0.01,9999.999,9999.999
2018.64883181,2018/08/25,19:46,1135.49,0.02,9999.999,9999.999
2018.66645548,2018/09/01,06:09,1135.49,0.02,9999.999,9999.999
2018.67486682,2018/09/04,07:50,1135.52,0.02,9999.999,9999.999
2018.68581811,2018/09/08,07:46,1135.5,0.02,9999.999,9999.999
2018.69362062,2018/09/11,04:07,1135.47,0.02,9999.999,9999.999
2018.71185122,2018/09/17,19:49,1135.45,0.02,9999.999,9999.999
2018.72078767,2018/09/21,02:06,1135.46,0.01,9999.999,9999.999
2018.72280441,2018/09/21,19:46,1135.44,0.02,9999.999,9999.999
2018.74795472,2018/10/01,00:05,1135.49,0.02,9999.999,9999.999
2018.74883942,2018/10/01,07:50,1135.43,0.02,9999.999,9999.999
2018.75979072,2018/10/05,07:46,1135.42,0.02,9999.999,9999.999
2018.77074391,2018/10/09,07:43,1135.36,0.07,9999.999,9999.999
2018.77511986,2018/10/10,22:03,1135.39,0.01,9999.999,9999.999
2018.78582382,2018/10/14,19:49,1135.38,0.02,9999.999,9999.999
2018.79677702,2018/10/18,19:46,1135.39,0.02,9999.999,9999.999
2018.80228691,2018/10/20,20:02,1135.43,0.01,9999.999,9999.999
2018.82281202,2018/10/28,07:50,1135.41,0.02,9999.999,9999.999
2018.82945205,2018/10/30,18:00,1135.43,0.02,9999.999,9999.999
2018.83376332,2018/11/01,07:46,1135.39,0.02,9999.999,9999.999
2018.84471651,2018/11/05,07:43,1135.42,0.04,9999.999,9999.999
2018.85661910,2018/11/09,15:59,1135.39,0,9999.999,9999.999
2018.85979642,2018/11/10,19:49,1135.37,0.02,9999.999,9999.999
2018.87074962,2018/11/14,19:46,1135.4,0.02,9999.999,9999.999
2018.88378425,2018/11/19,13:57,1135.42,0,9999.999,9999.999
2018.89678463,2018/11/24,07:50,1135.4,0.03,9999.999,9999.999
2018.90773592,2018/11/28,07:46,1135.4,0.02,9999.999,9999.999
2018.91095129,2018/11/29,11:56,1135.41,0.02,9999.999,9999.999
2018.93376903,2018/12/07,19:49,1135.37,0.03,9999.999,9999.999
2018.93811644,2018/12/09,09:54,1135.41,0.01,9999.999,9999.999
2018.94472222,2018/12/11,19:46,1135.44,0.02,9999.999,9999.999
2018.96528349,2018/12/19,07:53,1135.46,0.01,9999.999,9999.999
2018.97075723,2018/12/21,07:50,1135.46,0.03,9999.999,9999.999
2018.98170852,2018/12/25,07:46,1135.51,0.02,9999.999,9999.999
2018.99244863,2018/12/29,05:51,1135.49,0.03,9999.999,9999.999
2019.00774163,2019/01/03,19:49,1135.48,0.03,9999.999,9999.999
2019.01869483,2019/01/07,19:46,1135.51,0.02,9999.999,9999.999
2019.01961568,2019/01/08,03:50,1135.46,0.01,9999.999,9999.999
2019.04472983,2019/01/17,07:50,1135.47,0.02,9999.999,9999.999
2019.04678082,2019/01/18,01:48,1135.41,0.02,9999.999,9999.999
2019.05568113,2019/01/21,07:46,1135.47,0.03,9999.999,9999.999
2019.06663432,2019/01/25,07:43,1135.42,0.07,9999.999,9999.999
2019.07394787,2019/01/27,23:47,1135.46,0.01,9999.999,9999.999
2019.08171423,2019/01/30,19:49,1135.45,0.02,9999.999,9999.999
2019.09266743,2019/02/03,19:46,1135.44,0.02,9999.999,9999.999
2019.10111301,2019/02/06,21:45,1135.45,0.01,9999.999,9999.999
2019.11870244,2019/02/13,07:50,1135.44,0.03,9999.999,9999.999
2019.12828006,2019/02/16,19:44,1135.4,0.02,9999.999,9999.999
2019.12965373,2019/02/17,07:46,1135.42,0.02,9999.999,9999.999
2019.14060693,2019/02/21,07:43,1135.53,0.03,9999.999,9999.999
2019.16664003,2019/03/02,19:46,1135.37,0.02,9999.999,9999.999
2019.18261225,2019/03/08,15:41,1135.41,0.02,9999.999,9999.999
2019.19267504,2019/03/12,07:50,1135.38,0.02,9999.999,9999.999
2019.20362633,2019/03/16,07:46,1135.41,0.02,9999.999,9999.999
2019.20977740,2019/03/18,13:39,1135.42,0.01,9999.999,9999.999
2019.21457953,2019/03/20,07:43,1135.4,0.01,9999.999,9999.999
2019.22965944,2019/03/25,19:49,1135.32,0.03,9999.999,9999.999
2019.23694444,2019/03/28,11:38,1135.4,0.02,9999.999,9999.999
2019.24061263,2019/03/29,19:46,1135.35,0.02,9999.999,9999.999
2019.26664764,2019/04/08,07:50,1135.33,0.02,9999.999,9999.999
2019.27759893,2019/04/12,07:46,1135.33,0.02,9999.999,9999.999
2019.28855213,2019/04/16,07:43,1135.31,0.03,9999.999,9999.999
2019.29127664,2019/04/17,07:35,1135.38,0.02,9999.999,9999.999
2019.30363204,2019/04/21,19:49,1135.3,0.02,9999.999,9999.999
2019.31458524,2019/04/25,19:46,1135.34,0.02,9999.999,9999.999
2019.31844178,2019/04/27,05:33,1135.39,0.02,9999.999,9999.999
2019.34062024,2019/05/05,07:50,1135.4,0.03,9999.999,9999.999
2019.34560883,2019/05/07,03:32,1135.39,0.01,9999.999,9999.999
2019.35157154,2019/05/09,07:46,1135.42,0.02,9999.999,9999.999
2019.36252473,2019/05/13,07:43,1135.4,0.04,9999.999,9999.999
2019.37277397,2019/05/17,01:30,1135.42,0.03,9999.999,9999.999
2019.37760464,2019/05/18,19:49,1135.41,0.02,9999.999,9999.999
2019.38855784,2019/05/22,19:46,1135.43,0.02,9999.999,9999.999
2019.39994102,2019/05/26,23:29,1135.48,0.02,9999.999,9999.999
2019.41459285,2019/06/01,07:50,1135.52,0.02,9999.999,9999.999
2019.42554414,2019/06/05,07:46,1135.52,0.02,9999.999,9999.999
2019.42710807,2019/06/05,21:28,1135.56,0.02,9999.999,9999.999
2019.45157725,2019/06/14,19:49,1135.51,0.02,9999.999,9999.999
2019.45427321,2019/06/15,19:26,1135.56,0.02,9999.999,9999.999
2019.46253044,2019/06/18,19:46,1135.52,0.02,9999.999,9999.999
2019.48144026,2019/06/25,17:25,1135.5,0,9999.999,9999.999
2019.48856545,2019/06/28,07:50,1135.5,0.02,9999.999,9999.999
2019.49951674,2019/07/02,07:46,1135.52,0.03,9999.999,9999.999
2019.50860540,2019/07/05,15:23,1135.52,0.02,9999.999,9999.999
2019.51046994,2019/07/06,07:43,1135.48,0.01,9999.999,9999.999
2019.52554985,2019/07/11,19:49,1135.5,0.02,9999.999,9999.999
2019.53577245,2019/07/15,13:22,1135.5,0.02,9999.999,9999.999
2019.53650304,2019/07/15,19:46,1135.53,0.02,9999.999,9999.999
2019.56253805,2019/07/25,07:50,1135.47,0.02,9999.999,9999.999
2019.56293760,2019/07/25,11:20,1135.47,0.02,9999.999,9999.999
2019.57348935,2019/07/29,07:46,1135.47,0.03,9999.999,9999.999
2019.58444254,2019/08/02,07:43,1135.47,0.04,9999.999,9999.999
2019.59010464,2019/08/04,09:19,1135.48,0.01,9999.999,9999.999
2019.59952245,2019/08/07,19:49,1135.43,0.02,9999.999,9999.999
2019.61047565,2019/08/11,19:46,1135.45,0.02,9999.999,9999.999
2019.61726979,2019/08/14,07:17,1135.49,0.02,9999.999,9999.999
2019.63651065,2019/08/21,07:50,1135.38,0.02,9999.999,9999.999
2019.64443683,2019/08/24,05:16,1135.36,0.01,9999.999,9999.999
2019.64746195,2019/08/25,07:46,1135.34,0.02,9999.999,9999.999
2019.65841514,2019/08/29,07:43,1135.33,0.07,9999.999,9999.999
2019.67160198,2019/09/03,03:14,1135.42,0.01,9999.999,9999.999
2019.67349505,2019/09/03,19:49,1135.39,0.02,9999.999,9999.999
2019.68444825,2019/09/07,19:46,1135.36,0.01,9999.999,9999.999
2019.69876903,2019/09/13,01:13,1135.43,0.02,9999.999,9999.999
2019.71048326,2019/09/17,07:50,1135.39,0.02,9999.999,9999.999
2019.72143455,2019/09/21,07:46,1135.35,0.02,9999.999,9999.999
2019.72593417,2019/09/22,23:11,1135.36,0.01,9999.999,9999.999
2019.73238775,2019/09/25,07:43,1135.35,0.05,9999.999,9999.999
2019.74746766,2019/09/30,19:49,1135.35,0.02,9999.999,9999.999
2019.75310122,2019/10/02,21:10,1135.41,0.02,9999.999,9999.999
2019.75842085,2019/10/04,19:46,1135.37,0.02,9999.999,9999.999
2019.78026636,2019/10/12,19:08,1135.44,0.02,9999.999,9999.999
2019.78445586,2019/10/14,07:50,1135.45,0.03,9999.999,9999.999
2019.79540715,2019/10/18,07:46,1135.42,0.03,9999.999,9999.999
2019.80636035,2019/10/22,07:43,1135.47,0.02,9999.999,9999.999
2019.80743341,2019/10/22,17:07,1135.48,0,9999.999,9999.999
2019.82144026,2019/10/27,19:49,1135.53,0.02,9999.999,9999.999
2019.83239346,2019/10/31,19:46,1135.56,0.02,9999.999,9999.999
2019.83459855,2019/11/01,15:05,1135.52,0.01,9999.999,9999.999
2019.85842846,2019/11/10,07:50,1135.55,0.02,9999.999,9999.999
2019.86176560,2019/11/11,13:04,1135.55,0.03,9999.999,9999.999
2019.86937976,2019/11/14,07:46,1135.6,0.02,9999.999,9999.999
2019.88033295,2019/11/18,07:43,1135.68,0.01,9999.999,9999.999
2019.88893075,2019/11/21,11:02,1135.59,0.04,9999.999,9999.999
2019.90636606,2019/11/27,19:46,1135.66,0.02,9999.999,9999.999
2019.91609779,2019/12/01,09:01,1135.68,0.05,9999.999,9999.999
2019.93240107,2019/12/07,07:50,1135.78,0.04,9999.999,9999.999
2019.94335236,2019/12/11,07:46,1135.86,0.03,9999.999,9999.999
2019.95430556,2019/12/15,07:43,1135.91,0.01,9999.999,9999.999
2019.96938546,2019/12/20,19:49,1135.9,0.03,9999.999,9999.999
2019.97042998,2019/12/21,04:58,1135.96,0.04,9999.999,9999.999
2019.98033866,2019/12/24,19:46,1135.95,0.02,9999.999,9999.999
2019.99759703,2019/12/31,02:57,1135.99,0.04,9999.999,9999.999
2020.00635625,2020/01/03,07:50,1135.99,0.03,9999.999,9999.999
2020.01727763,2020/01/07,07:46,1136.02,0.02,9999.999,9999.999
2020.02469452,2020/01/10,00:55,1135.99,0.04,9999.999,9999.999
2020.02820090,2020/01/11,07:43,1136.01,0.02,9999.999,9999.999
2020.04323960,2020/01/16,19:49,1136,0.02,9999.999,9999.999
2020.05178734,2020/01/19,22:54,1136.04,0.04,9999.999,9999.999
2020.05416287,2020/01/20,19:46,1136.04,0.02,9999.999,9999.999
2020.07887826,2020/01/29,20:52,1136.1,0.04,9999.999,9999.999
2020.08012675,2020/01/30,07:50,1136.09,0.02,9999.999,9999.999
2020.09104812,2020/02/03,07:46,1136.14,0.02,9999.999,9999.999
2020.11701009,2020/02/12,19:49,1136.2,0.02,9999.999,9999.999
2020.12793336,2020/02/16,19:46,1136.18,0.02,9999.999,9999.999
2020.13306201,2020/02/18,16:49,1136.21,0.03,9999.999,9999.999
2020.15389724,2020/02/26,07:50,1136.24,0.02,9999.999,9999.999
2020.16015483,2020/02/28,14:48,1136.2,0.04,9999.999,9999.999
2020.16481861,2020/03/01,07:46,1136.22,0.02,9999.999,9999.999
2020.17574188,2020/03/05,07:43,1136.31,0.03,9999.999,9999.999
2020.18724575,2020/03/09,12:46,1136.25,0.04,9999.999,9999.999
2020.19078059,2020/03/10,19:49,1136.29,0.03,9999.999,9999.999
2020.20170386,2020/03/14,19:46,1136.28,0.02,9999.999,9999.999
2020.21433857,2020/03/19,10:45,1136.35,0.04,9999.999,9999.999
2020.22766773,2020/03/24,07:50,1136.39,0.02,9999.999,9999.999
2020.23858910,2020/03/28,07:46,1136.44,0.02,9999.999,9999.999
2020.24142949,2020/03/29,08:43,1136.49,0.03,9999.999,9999.999
2020.24951237,2020/04/01,07:43,1136.47,0.02,9999.999,9999.999
2020.26455108,2020/04/06,19:49,1136.45,0.03,9999.999,9999.999
2020.26852231,2020/04/08,06:42,1136.49,0.03,9999.999,9999.999
2020.27547435,2020/04/10,19:46,1136.42,0.02,9999.999,9999.999
2020.29561324,2020/04/18,04:40,1136.48,0.05,9999.999,9999.999
2020.30143822,2020/04/20,07:50,1136.55,0.03,9999.999,9999.999
2020.32270606,2020/04/28,02:39,1136.66,0.04,9999.999,9999.999
2020.32328286,2020/04/28,07:43,1136.58,0.01,9999.999,9999.999
2020.34924484,2020/05/07,19:46,1136.76,0.03,9999.999,9999.999
2020.34979698,2020/05/08,00:37,1136.7,0.04,9999.999,9999.999
2020.37520871,2020/05/17,07:50,1136.81,0.02,9999.999,9999.999
2020.37688980,2020/05/17,22:36,1136.78,0.04,9999.999,9999.999
2020.38613009,2020/05/21,07:46,1136.77,0.02,9999.999,9999.999
2020.39705335,2020/05/25,07:43,1136.69,0.07,9999.999,9999.999
2020.40398072,2020/05/27,20:34,1136.76,0.03,9999.999,9999.999
2020.41209206,2020/05/30,19:49,1136.72,0.02,9999.999,9999.999
2020.42301533,2020/06/03,19:46,1136.73,0.02,9999.999,9999.999
2020.43107354,2020/06/06,18:33,1136.73,0.03,9999.999,9999.999
2020.44897920,2020/06/13,07:50,1136.69,0.02,9999.999,9999.999
2020.45990058,2020/06/17,07:46,1136.67,0.02,9999.999,9999.999
2020.48525729,2020/06/26,14:30,1136.68,0.03,9999.999,9999.999
2020.48586255,2020/06/26,19:49,1136.63,0.02,9999.999,9999.999
2020.49678582,2020/06/30,19:46,1136.64,0.02,9999.999,9999.999
2020.51235011,2020/07/06,12:29,1136.58,0.04,9999.999,9999.999
2020.52274970,2020/07/10,07:50,1136.56,0.02,9999.999,9999.999
2020.53367107,2020/07/14,07:46,1136.55,0.02,9999.999,9999.999
2020.53944103,2020/07/16,10:27,1136.58,0.04,9999.999,9999.999
2020.54459434,2020/07/18,07:43,1136.55,0.01,9999.999,9999.999
2020.55963304,2020/07/23,19:49,1136.52,0.02,9999.999,9999.999
2020.56653385,2020/07/26,08:26,1136.5,0.04,9999.999,9999.999
2020.57055631,2020/07/27,19:46,1136.49,0.01,9999.999,9999.999
2020.59362477,2020/08/05,06:24,1136.48,0.03,9999.999,9999.999
2020.59652019,2020/08/06,07:50,1136.44,0.02,9999.999,9999.999
2020.60744156,2020/08/10,07:46,1136.41,0.02,9999.999,9999.999
2020.62071759,2020/08/15,04:23,1136.44,0.04,9999.999,9999.999
2020.63340354,2020/08/19,19:49,1136.42,0.02,9999.999,9999.999
2020.64432681,2020/08/23,19:46,1136.39,0.02,9999.999,9999.999
2020.64780852,2020/08/25,02:21,1136.44,0.04,9999.999,9999.999
2020.67029068,2020/09/02,07:50,1136.39,0.02,9999.999,9999.999
2020.67490134,2020/09/04,00:20,1136.37,0.03,9999.999,9999.999
2020.68121205,2020/09/06,07:46,1136.38,0.02,9999.999,9999.999
2020.69213532,2020/09/10,07:43,1136.38,0.01,9999.999,9999.999
2020.70199226,2020/09/13,22:18,1136.38,0.04,9999.999,9999.999
2020.72908508,2020/09/23,20:17,1136.34,0.03,9999.999,9999.999
2020.74406117,2020/09/29,07:50,1136.4,0.03,9999.999,9999.999
2020.75498254,2020/10/03,07:46,1136.39,0.02,9999.999,9999.999
2020.75617600,2020/10/03,18:15,1136.4,0.04,9999.999,9999.999
2020.76590581,2020/10/07,07:43,1136.51,0.09,9999.999,9999.999
2020.78326882,2020/10/13,16:14,1136.4,0.04,9999.999,9999.999
2020.79186779,2020/10/16,19:46,1136.38,0.03,9999.999,9999.999
2020.81035975,2020/10/23,14:12,1136.4,0.04,9999.999,9999.999
2020.81783166,2020/10/26,07:50,1136.38,0.02,9999.999,9999.999
2020.82875304,2020/10/30,07:46,1136.39,0.02,9999.999,9999.999
2020.83745257,2020/11/02,12:11,1136.39,0.03,9999.999,9999.999
2020.83967631,2020/11/03,07:43,1136.38,0.01,9999.999,9999.999
2020.85471501,2020/11/08,19:49,1136.33,0.02,9999.999,9999.999
2020.86454349,2020/11/12,10:09,1136.43,0.04,9999.999,9999.999
2020.86563828,2020/11/12,19:46,1136.39,0.02,9999.999,9999.999
2020.89163631,2020/11/22,08:08,1136.5,0.03,9999.999,9999.999
2020.90252353,2020/11/26,07:46,1136.5,0.02,9999.999,9999.999
2020.91344680,2020/11/30,07:43,1136.65,0.05,9999.999,9999.999
2020.91872723,2020/12/02,06:06,1136.56,0.04,9999.999,9999.999
2020.93940877,2020/12/09,19:46,1136.54,0.03,9999.999,9999.999
2020.94582005,2020/12/12,04:05,1136.6,0.03,9999.999,9999.999
2020.96537265,2020/12/19,07:50,1136.55,0.02,9999.999,9999.999
2020.97291097,2020/12/22,02:03,1136.59,0.02,9999.999,9999.999
2020.97629402,2020/12/23,07:46,1136.55,0.02,9999.999,9999.999
2020.98721729,2020/12/27,07:43,1136.57,0.03,9999.999,9999.999
2021.00000381,2021/01/01,00:02,1136.52,0.04,9999.999,9999.999
2021.00226218,2021/01/01,19:49,1136.56,0.02,9999.999,9999.999
2021.01321537,2021/01/05,19:46,1136.56,0.02,9999.999,9999.999
2021.02717085,2021/01/10,22:01,1136.58,0.01,9999.999,9999.999
2021.03925038,2021/01/15,07:50,1136.63,0.03,9999.999,9999.999
2021.05020167,2021/01/19,07:46,1136.62,0.02,9999.999,9999.999
2021.05433600,2021/01/20,19:59,1136.6,0.01,9999.999,9999.999
2021.06115487,2021/01/23,07:43,1136.61,0.02,9999.999,9999.999
2021.07623478,2021/01/28,19:49,1136.61,0.03,9999.999,9999.999
2021.08150304,2021/01/30,17:58,1136.58,0.02,9999.999,9999.999
2021.08718798,2021/02/01,19:46,1136.61,0.02,9999.999,9999.999
2021.10866819,2021/02/09,15:56,1136.61,0.02,9999.999,9999.999
2021.11322298,2021/02/11,07:50,1136.59,0.02,9999.999,9999.999
2021.12417428,2021/02/15,07:46,1136.61,0.02,9999.999,9999.999
2021.13512747,2021/02/19,07:43,1136.57,0.03,9999.999,9999.999
2021.13583524,2021/02/19,13:55,1136.6,0.02,9999.999,9999.999
2021.15020738,2021/02/24,19:49,1136.55,0.02,9999.999,9999.999
2021.16116058,2021/02/28,19:46,1136.59,0.02,9999.999,9999.999
2021.16300038,2021/03/01,11:53,1136.58,0.02,9999.999,9999.999
2021.18719559,2021/03/10,07:50,1136.56,0.03,9999.999,9999.999
2021.19016743,2021/03/11,09:52,1136.56,0.01,9999.999,9999.999
2021.19814688,2021/03/14,07:46,1136.55,0.02,9999.999,9999.999
2021.21733257,2021/03/21,07:50,1136.5,0.01,9999.999,9999.999
2021.22417998,2021/03/23,19:49,1136.49,0.02,9999.999,9999.999
2021.23513318,2021/03/27,19:46,1136.48,0.02,9999.999,9999.999
2021.24449962,2021/03/31,05:49,1136.57,0.01,9999.999,9999.999
2021.26116819,2021/04/06,07:50,1136.55,0.02,9999.999,9999.999
2021.27166476,2021/04/10,03:47,1136.52,0.01,9999.999,9999.999
2021.27211948,2021/04/10,07:46,1136.61,0.02,9999.999,9999.999
2021.28307268,2021/04/14,07:43,1136.56,0.01,9999.999,9999.999
2021.29815259,2021/04/19,19:49,1136.53,0.02,9999.999,9999.999
2021.29883181,2021/04/20,01:46,1136.58,0.03,9999.999,9999.999
2021.30910578,2021/04/23,19:46,1136.56,0.02,9999.999,9999.999
2021.32599696,2021/04/29,23:44,1136.66,0.02,9999.999,9999.999
2021.33514079,2021/05/03,07:50,1136.69,0.02,9999.999,9999.999
2021.34609209,2021/05/07,07:46,1136.7,0.02,9999.999,9999.999
2021.35316400,2021/05/09,21:43,1136.74,0.01,9999.999,9999.999
2021.35704528,2021/05/11,07:43,1136.81,0.01,9999.999,9999.999
2021.37212519,2021/05/16,19:49,1136.8,0.02,9999.999,9999.999
2021.38032915,2021/05/19,19:41,1136.8,0.03,9999.999,9999.999
2021.38307839,2021/05/20,19:46,1136.78,0.02,9999.999,9999.999
2021.40749619,2021/05/29,17:40,1136.76,0.01,9999.999,9999.999
2021.40911339,2021/05/30,07:50,1136.76,0.02,9999.999,9999.999
2021.42006469,2021/06/03,07:46,1136.72,0.02,9999.999,9999.999
2021.43466134,2021/06/08,15:38,1136.71,0.03,9999.999,9999.999
2021.44609779,2021/06/12,19:49,1136.64,0.02,9999.999,9999.999
2021.45705099,2021/06/16,19:46,1136.63,0.02,9999.999,9999.999
2021.46182839,2021/06/18,13:37,1136.65,0.01,9999.999,9999.999
2021.48308600,2021/06/26,07:50,1136.6,0.02,9999.999,9999.999
2021.48899353,2021/06/28,11:35,1136.61,0.02,9999.999,9999.999
2021.49403729,2021/06/30,07:46,1136.55,0.03,9999.999,9999.999
2021.50499049,2021/07/04,07:43,1136.53,0.02,9999.999,9999.999
2021.51616058,2021/07/08,09:34,1136.53,0.01,9999.999,9999.999
2021.52007040,2021/07/09,19:49,1136.5,0.02,9999.999,9999.999
2021.53102359,2021/07/13,19:46,1136.49,0.02,9999.999,9999.999
2021.54332572,2021/07/18,07:32,1136.4,0.02,9999.999,9999.999
2021.55705860,2021/07/23,07:50,1136.39,0.02,9999.999,9999.999
2021.56800989,2021/07/27,07:46,1136.36,0.02,9999.999,9999.999
2021.57049277,2021/07/28,05:31,1136.35,0.02,9999.999,9999.999
2021.59404300,2021/08/05,19:49,1136.31,0.02,9999.999,9999.999
2021.59765982,2021/08/07,03:30,1136.29,0.01,9999.999,9999.999
2021.60499619,2021/08/09,19:46,1136.32,0.02,9999.999,9999.999
2021.62482496,2021/08/17,01:28,1136.28,0.01,9999.999,9999.999
2021.63103120,2021/08/19,07:50,1136.28,0.02,9999.999,9999.999
2021.64198250,2021/08/23,07:46,1136.29,0.02,9999.999,9999.999
2021.65199201,2021/08/26,23:27,1136.24,0.02,9999.999,9999.999
2021.66801560,2021/09/01,19:49,1136.2,0.02,9999.999,9999.999
2021.67896880,2021/09/05,19:46,1136.22,0.02,9999.999,9999.999
2021.67915715,2021/09/05,21:25,1136.19,0.01,9999.999,9999.999
2021.70500381,2021/09/15,07:50,1136.16,0.02,9999.999,9999.999
2021.70632420,2021/09/15,19:24,1136.17,0.02,9999.999,9999.999
2021.71595510,2021/09/19,07:46,1136.21,0.02,9999.999,9999.999
2021.72690830,2021/09/23,07:43,1136.11,0.13,9999.999,9999.999
2021.73348935,2021/09/25,17:22,1136.16,0.01,9999.999,9999.999
2021.74198820,2021/09/28,19:49,1136.17,0.03,9999.999,9999.999
2021.75294140,2021/10/02,19:46,1136.17,0.02,9999.999,9999.999
2021.76065639,2021/10/05,15:21,1136.21,0.03,9999.999,9999.999
2021.77897641,2021/10/12,07:50,1136.17,0.02,9999.999,9999.999
2021.78782154,2021/10/15,13:19,1136.23,0.04,9999.999,9999.999
2021.78992770,2021/10/16,07:46,1136.19,0.03,9999.999,9999.999
2021.81498858,2021/10/25,11:18,1136.21,0.04,9999.999,9999.999
2021.81596081,2021/10/25,19:49,1136.18,0.02,9999.999,9999.999
2021.82691400,2021/10/29,19:46,1136.14,0.02,9999.999,9999.999
2021.84215373,2021/11/04,09:16,1136.22,0.03,9999.999,9999.999
2021.85294901,2021/11/08,07:50,1136.18,0.02,9999.999,9999.999
2021.86390030,2021/11/12,07:46,1136.15,0.02,9999.999,9999.999
2021.86932078,2021/11/14,07:15,1136.15,0.03,9999.999,9999.999
2021.88993341,2021/11/21,19:49,1136.13,0.02,9999.999,9999.999
2021.89648592,2021/11/24,05:13,1136.13,0.04,9999.999,9999.999
2021.90088661,2021/11/25,19:46,1136.12,0.02,9999.999,9999.999
2021.92365297,2021/12/04,03:12,1136.18,0.03,9999.999,9999.999
2021.92692161,2021/12/05,07:50,1136.19,0.03,9999.999,9999.999
2021.93787291,2021/12/09,07:46,1136.14,0.02,9999.999,9999.999
2021.94882610,2021/12/13,07:43,1136.12,0.02,9999.999,9999.999
2021.95081811,2021/12/14,01:10,1136.14,0.03,9999.999,9999.999
2021.96390601,2021/12/18,19:49,1136.12,0.02,9999.999,9999.999
2021.97485921,2021/12/22,19:46,1136.16,0.02,9999.999,9999.999
2021.97798516,2021/12/23,23:09,1136.16,0.04,9999.999,9999.999
2022.00089422,2022/01/01,07:50,1136.16,0.03,9999.999,9999.999
2022.00515030,2022/01/02,21:07,1136.17,0.04,9999.999,9999.999
2022.01184551,2022/01/05,07:46,1136.15,0.02,9999.999,9999.999
2022.03231735,2022/01/12,19:06,1136.12,0.03,9999.999,9999.999
2022.03787861,2022/01/14,19:49,1136.08,0.02,9999.999,9999.999
2022.04883181,2022/01/18,19:46,1136.06,0.02,9999.999,9999.999
2022.05948250,2022/01/22,17:04,1136.14,0.04,9999.999,9999.999
2022.07486682,2022/01/28,07:50,1136.12,0.02,9999.999,9999.999
2022.08581811,2022/02/01,07:46,1136.16,0.03,9999.999,9999.999
2022.08664954,2022/02/01,15:03,1136.13,0.04,9999.999,9999.999
2022.09677131,2022/02/05,07:43,1136.13,0.01,9999.999,9999.999
2022.11185122,2022/02/10,19:49,1136.11,0.02,9999.999,9999.999
2022.11381469,2022/02/11,13:01,1136.17,0.04,9999.999,9999.999
2022.12280441,2022/02/14,19:46,1136.13,0.02,9999.999,9999.999
2022.14098174,2022/02/21,11:00,1136.24,0.04,9999.999,9999.999
2022.14883942,2022/02/24,07:50,1136.18,0.02,9999.999,9999.999
2022.15979072,2022/02/28,07:46,1136.18,0.02,9999.999,9999.999
2022.16814878,2022/03/03,08:59,1136.21,0.04,9999.999,9999.999
2022.17074391,2022/03/04,07:43,1136.23,0.02,9999.999,9999.999
2022.19531393,2022/03/13,06:57,1136.16,0.04,9999.999,9999.999
2022.19677702,2022/03/13,19:46,1136.14,0.02,9999.999,9999.999
2022.22248097,2022/03/23,04:56,1136.16,0.04,9999.999,9999.999
2022.22281202,2022/03/23,07:50,1136.15,0.02,9999.999,9999.999
2022.23376332,2022/03/27,07:46,1136.17,0.03,9999.999,9999.999
2022.24471651,2022/03/31,07:43,1136.22,0.03,9999.999,9999.999
2022.24964612,2022/04/02,02:54,1136.2,0.04,9999.999,9999.999
2022.25979642,2022/04/05,19:49,1136.14,0.02,9999.999,9999.999
2022.27074962,2022/04/09,19:46,1136.13,0.02,9999.999,9999.999
2022.27681317,2022/04/12,00:53,1136.13,0.02,9999.999,9999.999
2022.29678463,2022/04/19,07:50,1136.16,0.02,9999.999,9999.999
2022.30398021,2022/04/21,22:52,1136.18,0.02,9999.999,9999.999
2022.30773592,2022/04/23,07:46,1136.21,0.02,9999.999,9999.999
2022.31868912,2022/04/27,07:43,1136.19,0.03,9999.999,9999.999
2022.33114536,2022/05/01,20:50,1136.29,0.03,9999.999,9999.999
2022.33377093,2022/05/02,19:50,1136.21,0.02,9999.999,9999.999
2022.34472222,2022/05/06,19:46,1136.26,0.02,9999.999,9999.999
2022.35831240,2022/05/11,18:49,1136.28,0.02,9999.999,9999.999
2022.37075723,2022/05/16,07:50,1136.29,0.02,9999.999,9999.999
2022.38170852,2022/05/20,07:46,1136.29,0.02,9999.999,9999.999
2022.38547755,2022/05/21,16:47,1136.3,0.02,9999.999,9999.999
2022.39266172,2022/05/24,07:43,1136.17,0.01,9999.999,9999.999
